"","name","importance"
"1","PDIA3",0.980169315726085
"2","PDIA4",0.856740354563739
"3","PDIA6",1
"4","TMX1",0.930134487424557
"5","TMX2",0.939875643684006
