"","name","importance"
"1","DNAJC10",0.9448338153126
"2","P4HB",0.809109261507634
"3","PDIA3",0.934806835829153
"4","PDIA4",0.919769148579545
"5","PDIA6",1
